INSERT INTO users (id, name, age) VALUES (1, 'Harry', 17), (2, 'Ron', 16), (3, 'Draco', 15), (4, 'Crabbe', 22),
(5, 'Goyle', 24), (6, 'Pansy', 24), (7, 'Dobby', 88), (8, 'Nearly Headless Nick', 123), (9, 'Myrtle', 80), (10, 'Hermione', 30),
(11, 'Voldemort', 90), (12, 'Lavender Brown', 24), (13, 'Swizzle', 4), (14, 'Sirius', 36), (15, 'Albus', 113), (16, 'Squid', 5),
(17, 'Oliver', 18), (18, 'Krum', 28), (19, 'Petunia', 44), (20, 'Dudley', 12);

INSERT INTO projects (id, title, category, funding_goal, start_date, end_date) VALUES
(1, 'Need a new wand', 'education', 1000.00, '2013-06-30', '2013-07-30'),
(2, 'O.W.L.S. tutoring', 'education', 2000.00, '2013-01-01', '2014-01-01'),
(3, 'S.P.E.W.', 'charity', 1000.00, '2013-05-30', '2015-05-30'),
(4, 'People for Ethical Treatment of Magical Creatures', 'charity', 4000.00, '2013-03-14', '2013-06-30'),
(5, 'Voldement needs a body', 'charity', 6000.00, '2013-03-20', '2013-09-20'),
(6, 'Keratin treatment for Hermione', 'cosmetic', 150.00, '2014-12-30', '2015-12-30'),
(7, 'Hagrid wants to buy a hippogriff', 'animals', 20000.00, '2013-10-02', '2013-10-30'),
(8, 'Dumbledore wants to buy more lemon drops', 'food', 8.00, '2014-06-30', '2014-06-31'),
(9, 'Save the phoenix', 'charity', 3000.00, '2013-06-30', '2013-09-30'),
(10, 'Hagrid wants to take baking lessons', 'food', 200.00, '2012-03-20', '2013-06-30');

INSERT INTO pledges (id, amount, user_id, project_id) VALUES
(1, 10.00, 1, 2),
(2, 20.00, 1, 3),
(3, 40.00, 1, 4),
(4, 50.00, 2, 3),
(5, 10.00, 3, 2),
(6, 20.00, 4, 4),
(7, 40.00, 5, 10),
(8, 60.00, 6, 10),
(9, 50.00, 7, 9),
(10, 700.00, 8, 8),
(11, 1000.00, 8, 7),
(12, 40.00, 9, 6),
(13, 50.00, 9, 3),
(14, 50.00, 10, 4),
(15, 24.00, 12, 1),
(16, 34.00, 11, 1),
(17, 12.00, 13, 6),
(18, 19.00, 14, 5),
(19, 20.00, 15, 5),
(20, 40.00, 16, 6),
(21, 35.50, 17, 7),
(22, 40.00, 18, 8),
(23, 60.00, 19, 9),
(24, 70.00, 20, 10),
(25, 100.00, 20, 4),
(26, 40.00, 19, 1),
(27, 20.00, 18, 6),
(28, 90.00, 17, 9),
(29, 230.00, 16, 6),
(30, 450.00, 15, 5);
